epoch,time,train/box_loss,train/cls_loss,train/dfl_loss,metrics/precision(B),metrics/recall(B),metrics/mAP50(B),metrics/mAP50-95(B),val/box_loss,val/cls_loss,val/dfl_loss,lr/pg0,lr/pg1,lr/pg2
1,88.114,1.85023,6.53956,1.05688,5e-05,0.1,3e-05,3e-05,2.24296,9.90421,1.085,0.00021671,0.00021671,0.00021671
2,175.556,1.48709,3.82771,0.95754,8e-05,0.01408,5e-05,1e-05,2.28104,8.54845,1.11951,0.000445634,0.000445634,0.000445634
3,263.379,1.59976,3.59747,0.97509,0,0,0,0,2.48488,8.99982,1.14588,0.000669937,0.000669937,0.000669937
4,351.548,1.55303,3.11283,0.98682,0,0,0,0,2.58011,9.69889,1.26833,0.00088962,0.00088962,0.00088962
5,439.709,1.49123,2.67671,0.95593,0,0,0,0,2.65346,8.65742,1.22582,0.00110468,0.00110468,0.00110468
6,532.985,1.68304,2.72666,1.00898,0,0,0,0,2.6456,7.71665,1.24626,0.00131512,0.00131512,0.00131512
7,658.775,1.73261,2.74978,1.03869,0.00016,0.3,0.00797,0.00388,2.55742,7.99885,1.20666,0.00152094,0.00152094,0.00152094
8,741.929,1.6625,2.51499,0.99339,0.75764,0.3,0.34173,0.1205,2.3627,7.48541,1.10114,0.00155148,0.00155148,0.00155148
9,824.952,1.57764,2.0883,0.99819,0.7345,0.3,0.2624,0.08857,2.23337,6.88727,1.11508,0.00153497,0.00153497,0.00153497
10,906.913,1.56742,1.95635,0.9933,0.61881,0.1,0.07006,0.03638,2.37707,6.69226,1.11504,0.00151847,0.00151847,0.00151847
11,990.064,1.46032,1.74409,0.9327,0.00886,0.3,0.02367,0.01632,2.45635,7.01249,1.17861,0.00150197,0.00150197,0.00150197
12,1075.59,1.46395,1.77871,0.96209,0.8195,0.2,0.22299,0.13297,2.4358,6.28496,1.17627,0.00148546,0.00148546,0.00148546
13,1158.23,1.44546,1.70232,0.9382,0.715,0.4,0.20089,0.08839,2.42416,6.38739,1.15698,0.00146896,0.00146896,0.00146896
14,1239.48,1.55224,1.62653,0.96274,0.64367,0.3,0.20418,0.13052,2.4326,6.11454,1.13589,0.00145246,0.00145246,0.00145246
15,1321.12,1.49194,1.47375,0.94157,0.80636,0.4,0.38798,0.20658,2.53822,6.20855,1.19716,0.00143595,0.00143595,0.00143595
16,1405.48,1.43387,1.29053,0.97298,0.89279,0.37117,0.38693,0.19685,2.8363,5.84446,1.2567,0.00141945,0.00141945,0.00141945
17,1486.64,1.42125,1.26636,0.93112,0.83835,0.3,0.25952,0.14261,2.5604,5.31536,1.23464,0.00140295,0.00140295,0.00140295
18,1568.09,1.40503,1.15241,0.93059,0.9371,0.3,0.39036,0.14751,2.65442,5.55685,1.24792,0.00138644,0.00138644,0.00138644
19,1650.19,1.42396,1.26282,0.94929,0.84577,0.3,0.34435,0.17113,2.45013,5.31057,1.22027,0.00136994,0.00136994,0.00136994
20,1732.43,1.33553,1.05508,0.93834,0.71226,0.3,0.21334,0.13231,2.55184,5.06938,1.22699,0.00135344,0.00135344,0.00135344
21,1814.26,1.51919,1.21144,0.96251,0.93894,0.2,0.30955,0.16923,2.60164,4.92279,1.29308,0.00133693,0.00133693,0.00133693
22,1896.14,1.48661,1.03687,0.9677,0.76676,0.3,0.43263,0.20845,2.29608,4.69611,1.20114,0.00132043,0.00132043,0.00132043
23,1979.51,1.35412,1.02832,0.95119,0.72166,0.4,0.47319,0.24213,2.34753,4.42653,1.17907,0.00130393,0.00130393,0.00130393
24,2068.44,1.30686,1.01331,0.9106,0.70173,0.3,0.38952,0.18739,2.20896,4.1007,1.16891,0.00128742,0.00128742,0.00128742
25,2158.17,1.33646,0.98264,0.93579,0.65173,0.4,0.3777,0.19847,2.36693,4.19274,1.18155,0.00127092,0.00127092,0.00127092
26,2247.42,1.41837,0.94097,0.95184,0.6432,0.3,0.41691,0.21162,2.27303,4.00288,1.17063,0.00125442,0.00125442,0.00125442
27,2336.62,1.46359,1.01393,0.95789,0.69873,0.4,0.45768,0.22476,2.27389,3.852,1.17925,0.00123791,0.00123791,0.00123791
28,2423.24,1.41872,0.93578,0.95186,0.7722,0.4,0.52759,0.2384,2.18846,3.89811,1.14958,0.00122141,0.00122141,0.00122141
29,2510.06,1.32221,0.89629,0.9261,0.67136,0.20986,0.51611,0.2656,2.15365,3.59925,1.12921,0.00120491,0.00120491,0.00120491
30,2598.24,1.45683,0.87262,0.96322,0.85614,0.3,0.606,0.26838,2.16712,3.6168,1.15879,0.0011884,0.0011884,0.0011884
31,2686.14,1.46784,0.89391,0.97094,0.89181,0.2,0.55188,0.23016,2.29381,3.63302,1.15098,0.0011719,0.0011719,0.0011719
32,2773.6,1.3539,0.86306,0.92455,0.91251,0.2,0.53079,0.23048,2.08791,3.73104,1.16142,0.0011554,0.0011554,0.0011554
33,2861.99,1.30996,0.83089,0.93724,0.89188,0.1,0.42362,0.21149,2.04817,3.65371,1.14585,0.00113889,0.00113889,0.00113889
34,2950.24,1.35713,0.88373,0.92969,0.69181,0.3,0.41657,0.17248,2.14439,3.54556,1.13394,0.00112239,0.00112239,0.00112239
35,3038.65,1.29732,0.80648,0.91177,0.63442,0.2,0.41336,0.20862,2.11841,3.44688,1.12978,0.00110589,0.00110589,0.00110589
36,3126.67,1.29732,0.8224,0.91391,0.75625,0.4,0.53876,0.25279,2.12168,3.43582,1.12273,0.00108938,0.00108938,0.00108938
37,3215.25,1.33687,0.76071,0.90062,0.82661,0.4,0.62614,0.28315,2.14083,3.42428,1.12286,0.00107288,0.00107288,0.00107288
38,3304.19,1.3205,0.77113,0.92781,0.92317,0.2,0.57343,0.28145,2.21092,3.61788,1.15974,0.00105638,0.00105638,0.00105638
39,3392.4,1.33915,0.8293,0.92732,1,0.19858,0.59213,0.28625,2.18211,3.56132,1.14371,0.00103987,0.00103987,0.00103987
40,3484.27,1.19896,0.77954,0.92014,0.75418,0.3,0.55459,0.27679,2.07165,3.68613,1.13577,0.00102337,0.00102337,0.00102337
41,3579.93,1.19264,0.71492,0.89359,0.86691,0.3,0.60094,0.33647,2.1149,3.81246,1.12287,0.00100687,0.00100687,0.00100687
42,3675.98,1.2612,0.75026,0.89651,0.76513,0.3,0.59565,0.31196,2.03874,3.52625,1.10066,0.000990365,0.000990365,0.000990365
43,3771.75,1.26142,0.73569,0.91355,1,0.1805,0.55774,0.28218,2.13642,3.31718,1.12287,0.000973861,0.000973861,0.000973861
44,3862.48,1.24377,0.69884,0.89281,0.86138,0.26732,0.51091,0.26832,2.11977,3.37692,1.11773,0.000957358,0.000957358,0.000957358
45,3952.36,1.22614,0.72022,0.8915,0.8034,0.2,0.41603,0.22901,2.28631,3.34851,1.14579,0.000940855,0.000940855,0.000940855
46,4042.62,1.12,0.68986,0.89184,1,0.29733,0.61484,0.26663,2.07135,3.05903,1.12738,0.000924352,0.000924352,0.000924352
47,4133.36,1.1848,0.65928,0.88963,0.85695,0.3,0.62164,0.2783,2.12063,2.91171,1.12247,0.000907848,0.000907848,0.000907848
48,4223.59,1.17476,0.70488,0.88196,0.84163,0.2,0.55202,0.27454,2.09576,2.68758,1.12149,0.000891345,0.000891345,0.000891345
49,4312.98,1.1576,0.65581,0.87792,0.88285,0.3314,0.66837,0.31774,2.13592,2.73737,1.10176,0.000874842,0.000874842,0.000874842
50,4403.08,1.17323,0.67144,0.87959,0.96202,0.3,0.72429,0.33745,2.08865,2.70555,1.12145,0.000858338,0.000858338,0.000858338
51,4490.9,1.16884,0.65704,0.88439,0.7872,0.3,0.58601,0.32015,2.093,2.8176,1.09532,0.000841835,0.000841835,0.000841835
52,4580.72,1.2179,0.66511,0.88474,0.94526,0.2,0.57036,0.28489,2.06583,2.67663,1.08624,0.000825332,0.000825332,0.000825332
53,4675.28,1.18963,0.63409,0.89971,0.87793,0.4,0.64549,0.3113,1.91045,2.7005,1.08805,0.000808828,0.000808828,0.000808828
54,4770.61,1.12226,0.62603,0.89518,0.92753,0.4,0.59409,0.2676,2.03438,2.75434,1.09829,0.000792325,0.000792325,0.000792325
55,4866.37,1.18258,0.62715,0.87646,0.94996,0.4,0.59528,0.23395,2.08012,2.75117,1.10699,0.000775822,0.000775822,0.000775822
56,4962.93,1.12467,0.63424,0.88452,0.99355,0.4,0.61409,0.25071,2.17201,2.50163,1.14089,0.000759318,0.000759318,0.000759318
57,5059.45,1.13238,0.59728,0.86987,0.99416,0.4,0.68846,0.28752,2.13916,2.18596,1.11767,0.000742815,0.000742815,0.000742815
58,5155.72,1.15623,0.63991,0.89689,0.42913,0.65424,0.6607,0.31891,1.95952,1.92703,1.08523,0.000726312,0.000726312,0.000726312
59,5251.39,1.11119,0.61755,0.87287,0.95946,0.3,0.62177,0.30919,1.97531,1.96976,1.0814,0.000709809,0.000709809,0.000709809
60,5350.93,1.10733,0.61514,0.89739,0.65111,0.39346,0.61036,0.28858,2.10008,1.98869,1.10775,0.000693305,0.000693305,0.000693305
61,5447.75,1.21559,0.63182,0.8847,0.79984,0.38782,0.57274,0.28039,2.1139,1.9203,1.12048,0.000676802,0.000676802,0.000676802
62,5539.38,1.12957,0.61672,0.89781,0.75123,0.49676,0.60791,0.24462,2.12591,2.09366,1.11542,0.000660299,0.000660299,0.000660299
63,5633.17,1.14938,0.62784,0.89239,0.86776,0.4493,0.60046,0.25628,2.14783,2.06001,1.11905,0.000643795,0.000643795,0.000643795
64,5719.47,1.11755,0.60386,0.88694,0.93931,0.34595,0.59003,0.3062,2.08277,1.97918,1.08864,0.000627292,0.000627292,0.000627292
65,5804.82,1.1323,0.61425,0.87216,0.36977,0.66655,0.6021,0.29454,2.09696,2.09266,1.09534,0.000610789,0.000610789,0.000610789
66,5890.47,1.0171,0.55976,0.85423,0.88752,0.39537,0.63297,0.31608,2.12782,1.76952,1.12154,0.000594286,0.000594286,0.000594286
67,5979.45,1.04894,0.58169,0.88859,0.88272,0.55493,0.74275,0.36135,2.13028,1.60955,1.1137,0.000577782,0.000577782,0.000577782
68,6065.8,1.08474,0.56833,0.86447,0.78044,0.49718,0.61929,0.30107,2.13507,1.60465,1.10311,0.000561279,0.000561279,0.000561279
69,6153.08,1.24949,0.62216,0.90848,0.77108,0.49014,0.61755,0.31396,2.11865,1.59209,1.11189,0.000544776,0.000544776,0.000544776
70,6239.93,1.06856,0.58393,0.86955,0.73917,0.50479,0.58242,0.25434,2.28285,1.63627,1.15879,0.000528272,0.000528272,0.000528272
71,6326.63,1.10993,0.59247,0.87814,0.73415,0.45493,0.60117,0.28797,2.26831,1.66404,1.12501,0.000511769,0.000511769,0.000511769
72,6413.37,1.08012,0.57671,0.88225,0.76279,0.48771,0.62399,0.3129,2.13546,1.64318,1.10302,0.000495266,0.000495266,0.000495266
73,6499.85,1.13648,0.58302,0.8821,0.72757,0.49718,0.63903,0.31268,2.20591,1.62292,1.12768,0.000478762,0.000478762,0.000478762
74,6586.97,1.00014,0.53933,0.85477,0.72338,0.52535,0.63462,0.29095,2.14542,1.50043,1.10363,0.000462259,0.000462259,0.000462259
75,6679.06,1.0699,0.5682,0.84401,0.69325,0.51885,0.63672,0.28713,2.04756,1.4834,1.08178,0.000445756,0.000445756,0.000445756
76,6770.5,1.15387,0.59488,0.88828,0.73021,0.50461,0.63925,0.28025,2.05361,1.46025,1.09535,0.000429253,0.000429253,0.000429253
77,6858.75,1.04999,0.57279,0.84668,0.73329,0.4831,0.64424,0.32347,2.07526,1.47124,1.103,0.000412749,0.000412749,0.000412749
78,6946.34,1.02864,0.52388,0.86121,0.7981,0.47985,0.62533,0.3514,2.00154,1.49078,1.10686,0.000396246,0.000396246,0.000396246
79,7033.23,1.03951,0.5528,0.85069,0.86409,0.47143,0.6119,0.32277,2.08741,1.51789,1.12038,0.000379743,0.000379743,0.000379743
80,7119.87,1.02931,0.54098,0.83848,0.8554,0.4831,0.63351,0.31262,2.15413,1.56217,1.12637,0.000363239,0.000363239,0.000363239
81,7209.52,1.07259,0.56262,0.8644,0.8402,0.48329,0.61805,0.30664,2.15785,1.54804,1.13142,0.000346736,0.000346736,0.000346736
82,7297.11,1.04239,0.54773,0.857,0.81242,0.49525,0.61965,0.31007,2.11896,1.53149,1.12019,0.000330233,0.000330233,0.000330233
83,7389.2,0.99521,0.54077,0.84121,0.77978,0.50203,0.64653,0.32448,2.02762,1.54313,1.09993,0.000313729,0.000313729,0.000313729
84,7482.78,1.03804,0.54066,0.86075,0.74505,0.51989,0.63679,0.33759,2.10216,1.57421,1.11456,0.000297226,0.000297226,0.000297226
85,7570.09,1.06224,0.55119,0.85446,0.79685,0.49718,0.61915,0.30482,2.1779,1.60141,1.13384,0.000280723,0.000280723,0.000280723
86,7658.96,0.99066,0.51754,0.86456,0.79084,0.53583,0.6435,0.33078,2.05767,1.52631,1.10815,0.00026422,0.00026422,0.00026422
87,7747.93,1.00151,0.50846,0.87989,0.76672,0.58169,0.66384,0.33841,2.07464,1.50287,1.11001,0.000247716,0.000247716,0.000247716
88,7836.09,1.04066,0.53272,0.86931,0.76857,0.56817,0.66515,0.34143,2.0226,1.39883,1.10176,0.000231213,0.000231213,0.000231213
89,7922.4,1.09742,0.56309,0.86856,0.80256,0.54648,0.64543,0.31552,2.01989,1.451,1.10371,0.00021471,0.00021471,0.00021471
90,8060.24,0.93991,0.48357,0.84924,0.83085,0.53944,0.63281,0.31735,2.05399,1.45046,1.1058,0.000198206,0.000198206,0.000198206
91,8191.8,1.00898,0.52446,0.87006,0.82326,0.52487,0.62438,0.32346,2.06964,1.41029,1.10936,0.000181703,0.000181703,0.000181703
92,8316.45,0.99118,0.52074,0.86715,0.8097,0.50772,0.62759,0.32403,2.05657,1.37566,1.11157,0.0001652,0.0001652,0.0001652
93,8442.65,0.96037,0.48536,0.87378,0.83879,0.51127,0.62453,0.31515,2.06403,1.35122,1.11388,0.000148696,0.000148696,0.000148696
94,8580.77,0.96935,0.48811,0.87379,0.75895,0.50271,0.619,0.31954,2.08976,1.34235,1.11419,0.000132193,0.000132193,0.000132193
95,8706.69,0.92867,0.48362,0.86455,0.71194,0.53239,0.60881,0.31551,2.13387,1.38431,1.12627,0.00011569,0.00011569,0.00011569
96,8847.38,0.94129,0.50172,0.85792,0.76823,0.49219,0.60963,0.32054,2.08786,1.36356,1.11964,9.91865e-05,9.91865e-05,9.91865e-05
97,9020.83,0.93327,0.48873,0.85772,0.76638,0.49718,0.62086,0.32365,2.0583,1.3538,1.11731,8.26832e-05,8.26832e-05,8.26832e-05
98,9198.37,0.95956,0.50757,0.85665,0.7968,0.50627,0.6192,0.3232,2.05477,1.35785,1.12195,6.61799e-05,6.61799e-05,6.61799e-05
99,9385.12,1.0021,0.51823,0.87972,0.79453,0.50493,0.62041,0.32409,2.04934,1.35868,1.12163,4.96766e-05,4.96766e-05,4.96766e-05
100,9555.82,0.92745,0.47747,0.85246,0.82889,0.49393,0.62095,0.32467,2.0464,1.34999,1.12296,3.31733e-05,3.31733e-05,3.31733e-05
